Sijainti	Kohde	Teksti	Tunniste
Hakujen hallinta -> Haun tiedot -välilehti	Välilehden infopallo välilehtiriville	Tällä välilehdellä täytetään haun perustiedot. Välilehden tulee olla kokonaisuudessaan täytettynä ja valmiina ennen haun julkaisua.	hakujen_hallinta__haun_tiedot___valilehden_infopallo
	Ohje	Valtionavustukselle valittu vastuuvalmistelija vastaa siitä, että tämän välilehden tiedot ovat asianmukaisesti täytettynä ennen hakuajan alkamista. Kunkin kentän täyttämiseen on annettu ohjeet kentän viereen sijoitetussa infopallossa. Perehdy haun tietoihin, infoteksteihin ja muihin tässä järjestelmässä viitattuihin ohjeisiin huolellisesti ennen kenttien täyttämistä. Valtionavustushaun avaamisen liittyvät seuraavat vaiheet: <ol> <li>Haun avaaminen VA-järjestelmään ja Haun tiedot sekä Hakulomake -kenttien täyttäminen</li> <li>Valtionavustushaun avaaminen ASHA -asianhallintajärjestelmään</li> <li>Hakutiedotteen laatiminen ja valtionavustuksen elinkaaren suunnittelu</li> <li>Haun viimeistely Drupalissa/www.oph.fi -verkkopalvelussa</li> </ol>	hakujen_hallinta__haun_tiedot___ohje
	Kopioi uuden pohjaksi	Perusta VA-järjestelmään uusi valtionavustushaku painamalla tästä. Kun painat painiketta, uusi haku perustetaan yllä olevaan valtionavustushakujen listaan ylimmäiseksi. Perustamallesi haulle kopioituu osa kopioimasi haun tiedoista, päätöspohja sisältöineen sekä väli- ja loppuselvityspohjat. Valitsemalla perustamasi haun hakulistasta, voit alkaa muokata haun tietoja, hakulomaketta, päätöspohjaa ja haun muita osioita.	hakujen_hallinta__haun_tiedot___kopioi_uuden_pohjaksi
	Asianumero (ent. Diaarinumero)	Asianumero syntyy, kun avaat valtionavustukselle asian ASHA-asianhallintajärjestelmässä. Kun ASHAan laaditaan uutta VA-asiaa, tulee asialle valita oikea asiaryhmä (löytyvät kohdasta 02.20 Valtionavustukset), lisätä vastuuhenkilöt ja kirjoittaa otsikoksi haun virallinen nimi kokonaisuudessaan. Haun asianumero kirjataan tähän kenttään samassa muodossa kuin se on ASHAssa.	hakujen_hallinta__haun_tiedot___asianumero
	hallinnoiavustuksia Asianumero	Asianumero, joka syntyy hallinnoiavustuksia.fi-järjestelmään, sillä hetkellä, kun haku julkaistaan haeavustuksia.fi-palveluun. Löytyy hallinnoiavustuksia.fi-palvelun ”Kaikki haut”-näkymästä.	hakujen_hallinta__haun_tiedot___hallinnoiavustuksia_asianumero
	Haun nimi	Haun virallinen nimi ilman “Valtion yleis-/erityisavustus”-mainintaa. Tämä nimi tulee automaattisesti valtionavustushaun otsikoksi www.oph.fi -palveluun kun haku julkaistaan. Jos haku on vuosittain toistuva, kannattaa nimen loppuun kirjoittaa vuosiluku.	hakujen_hallinta__haun_tiedot___haun_nimi
	Toimintayksikkö	Toimintayksiköksi valitaan se yksikkö, jonka vastuulla kyseisen valtionavustuksen toteuttaminen on ja joka hallinnoi kyseisen valtionavustuksen määrärahaa. Oikea valinta poimitaan pudotusvalikosta. Valitse toimintayksikkö huolellisesti, sillä organisaatiomuutoksista johtuen valikossa saattaa olla valittavissa sekä vanhoja että uusia toimintayksikkökoodeja.	hakujen_hallinta__haun_tiedot___toimintayksikkö
	Projekti	Projektinumero yksilöi valtionavustushaun. Voit valita avustukselle yhden tai useamman projektinumeron, mutta jokaiselle hankkeelle valitaan vain yksi projektinumero. Mikäli valmistelemasi haun projektinumero puuttuu poimintalistasta, pyydä projektin avaamista talouspalvelut@oph.fi ja toimita numero valtionavustukset@oph.fi, jonka jälkeen pääkäyttäjä lisää numeron poimintalistaan.	hakujen_hallinta__haun_tiedot___projekti
	Lainsäädäntö	Valitse valtionavustukselle yksi tai useampi avustuksen käsittelyä ja käyttöä ohjaava lainsäädäntö. Lainsäädäntö kuvataan yleensä valtion talousarviossa tai mahdollisessa määrärahan asettamiskirjeessä. Epäselvissä tapauksissa ole yhteydessä valtionavustukset@oph.fi.	hakujen_hallinta__haun_tiedot___lainsaadanto
	Arvioitu maksupäivä	Valitse valtionavustukselle päivämäärä, jolloin avustukset tullaan arviosi mukaan maksamaan hyväksyttyjen hankkeiden tileille. Laskennassa voit huomioida, että suunnittelun aloituksesta maksatuksiin kuluu keskimäärin 5 kuukautta (suunnittelu 4 vk, hakuaika 6 vk, arviointi 6 vk, tarkennus-/kieltäytymisaika 4 vk).	hakujen_hallinta__haun_tiedot___arvioitu_maksupäivä
	Raportin määräaika	Päivämäärä, jolloin raportti tulee viimeistään toimittaa raportointivelvoitteen asettajalle.	hakujen_hallinta__haun_tiedot___raportin_määräaika
	Asha-tunnus	Raportointivelvoitteet kuvaavan ohjaavan asiakirjan (esim. määrärahan asettamiskirje) asiatunnus Asha-asianhallintajärjestelmässä.	hakujen_hallinta__haun_tiedot___asha-tunnus
	Lisätiedot	Mahdolliset lisätiedot, kuten raportoinnin laajuus, vastuuhenkilöt tai poikkeavuudet aikataulussa.	hakujen_hallinta__haun_tiedot___raportointi_lisätiedot
	Toiminto	Toiminto kuvaa tekemistä. Yleensä VA-järjestelmän kautta maksettaessa käytetään koodia valtionavustusprosessi (6600151502) ja KV-ohjelmissa käytetään koodia Kv-ohjelmien toimeenpano (6600212160).	hakujen_hallinta__haun_tiedot___toiminto
	Tila	Poistettu = Virheellisille hauille valitaan tämä tila, jonka jälkeen ne siirtyvät arkistoon ja poistuvat hakulistasta. Luonnos = Haku pidetään tässä tilassa niin kauan kuin sitä muokataan ja valmistellaan, Julkaistu = Haku muutetaan tähän tilaan kun se halutaan tuoda www.oph.fi -palveluun. Julkaisua seuraavana yönä haun tiedot siirtyvät automaattisesti VA-järjestelmästä Drupaliin ja www.oph.fi -palveluun aukeaa oma rahoitussivu julkaistulle haulle. Hakulomake aukeaa kuitenkin vasta ajankohtana, joka on kirjattu alla olevaan Hakuaika -kenttään. Haku pidetään Julkaistu-tilassa haku- ja arviointiaikana. Ratkaistu = haku muutetaan tähän tilaan, kun arvioinnit on tehty valmiiksi ja halutaan lähettää avustuspäätökset sekä toteuttaa maksatukset. Tieto haun ratkaisusta siirtyy seuraavan yön aikana www.oph.fi -verkkopalveluun muuttaen haun statuksen myös siellä muotoon Ratkaistu.	hakujen_hallinta__haun_tiedot___tila
	Hakuaika	Valitse aika, jolloin haluat haun olevan avoinna hakijoille. Hakulomake avautuu ja sulkeutuu www.oph.fi -palvelussa sekä VA-järjestelmässä automaattisesti tähän asetettujen ajankohtien mukaan edellyttäen, että haku on VA-järjestelmässä tilassa Julkaistu. Suositeltavaa on, että hakuaika päättyy klo 16.15 ja haun avaamista/sulkemista ei ajoiteta perjantaille mahdollisten teknisten ongelmien vuoksi. Hakuajan suositellaan kestävän aina vähintään kuusi viikkoa.	hakujen_hallinta__haun_tiedot___hakuaika
	Hakutyyppi	Erityisavustuksia ovat esimerkiksi hankeavustukset kokeilu-, käynnistämis-, tutkimus- ja kehittämistoimintaan. Yleisavustuksia ovat avustukset, jotka suunnataan avustuksen saajan yleiseen perustoimintaan. OPH:n avustuksista enemmistö on erityisavustuksia. Saat tarvittaessa tiedon hakutyypistä oman yksikön assistentilta tai taloushallinnosta.	hakujen_hallinta__haun_tiedot___hakutyyppi
	Oppilaitoksen koko	Kenttä on tarkoitettu käytettäväksi valituissa vapaan sivistystyön valtionavustushauissa. Muiden hakujen osalta valitaan vaihtoehto Ei käytössä.	hakujen_hallinta__haun_tiedot___oppilaitoksen_koko
	Koulutusasteet	Tässä osiossa kirjaat ne talousarviotilit, joilta avustukset maksetaan sekä kohdennat valtionavustuksen oikeille kohderyhmille. Kenttiin kirjaamasi kohderyhmät ja TA-tilit siirtyvät automaattisesti Hakemusten arviointi -välilehdelle, jotta voit ennen päätöksiä kohdentaa hyväksyttävät hakemukset oikeaan kohderyhmään ja TA-tiliin. Kirjaus tehdään aina alimmalle TA-tilin tasolle, eikä otsikkotason tileille voida tehdä kirjauksia. Esimerkki TA-tilin kirjaamistavasta: 29.10.30.20.11.2. Valitse koulutusaste tai -asteet sen perusteella, mikä kohderyhmä on avustuksen hakijana. Jos kohderyhmiä on useampia, kirjataan TA-tili jokaiseen kohderyhmään kuuluvaan koulutusasteeseen. Mikäli kohderyhmänä on yksi koulutusaste, mutta käytettäviä TA-tilejä enemmän kuin yksi, voit lisätä kenttiä TA-tileille sinivalkoisesta plus-painikkeesta. Oikean talousarviotilin löydät valtion talousarvion tilijaottelusta, osaston 29 alta. Linkki voimassaolevaan tilijaotteluun löytyy Ossista Organisaatiot ja toimintatavat > Talous > Määrärahat -polun takaa.	hakujen_hallinta__haun_tiedot___koulutusasteet
	TA-tili	Lisää haulle talousarviotili tai -tilit (= TA-tilit), joilta avustukset maksetaan. Valitsemasi TA-tilit ovat automaattisesti valittavissa Hakemusten arviointi -välilehdellä kullekin hakemukselle. Varmista TA-tilin oikeellisuus ajantasaisesta tilijaottelusta. Mikäli oikea TA-tili ei ole valittavissa, ole yhteydessä valtionavustukset@oph.fi TA-tilin lisäämiseksi järjestelmään.	hakujen_hallinta__haun_tiedot___ta_tili
	Koulutusaste	Valitse kullekin TA-tilille oikea koulutusaste sen perusteella, mikä kohderyhmä on kyseisen avustuksen saajana. Voit lisätä useampia koulutusasteita tarpeen mukaan.	hakujen_hallinta__haun_tiedot___koulutusaste
	Maksatus	Toistaiseksi kaikki valtionavustukset maksetaan yhdessä erässä.	hakujen_hallinta__haun_tiedot___maksatus
	Hakijan omarahoitusvaatimus	Valitse kuinka monta prosenttia hankkeen kokonaiskustannuksista tulee olla avustuksen saajan omaa rahoitusta. OPH:n avustusten omarahoitusvaatimus on tyypillisesti noin 5–30 prosenttia. Omarahoitusvaatimus voi olla nolla prosenttia ainoastaan erittäin perustelluista ja täysin välttämättömistä syistä.	hakujen_hallinta__haun_tiedot___hakijan_omarahoitusvaatimus
	Maksuliikennemenotili	Maksuliikennemenotili on lyhytkoodi sille pankkitilille, jolta avustus maksetaan. VA-järjestelmässä koodi jätetään yleensä tyhjäksi. Vain silloin, jos maksetaan kansainvälisten hankkeiden avustuksia, joilla on oma ns. saldollinen pankkitili, valitaan poimintalistasta oikea pankkitilikoodi.	hakujen_hallinta__haun_tiedot___maksuliikennemenotili
	Tositelaji	Tositelaji erottelee kirjanpitoon syntyvät tapahtumat toisistaan ja on kirjanpidon vienneissä aina pakollinen tieto. 1.1.2025 alkaen käytetään XE-tositelajia kaikissa VA-järjestelmällä käsiteltävissä avustuksissa.  	hakujen_hallinta__haun_tiedot___tositelaji
	Määräraha	Jaossa oleva määräraha pelkkinä numeroina ilman tuhaterotinta. Mikäli haluat tarkentaa määrärahan kuvausta esimerkiksi “enintään” -tyyppisillä sanoilla, tehdään tämä www.oph.fi -palvelussa kyseisen valtionavustuksen rahoitushaku-sivulla sekä hakutiedotteessa.	hakujen_hallinta__haun_tiedot___määräraha
	Rooli	Valmistelijan vastuulle voidaan nimetä kyseiseen valtionavustukseen kuuluvia hankkeita ja valmistelija toimii näiden hankkeiden yhteyshenkilönä hankekauden ajan sekä tarkastaa hänelle nimettyjen hankkeiden väli- ja loppuselvitykset. Arvioija toimii ainoastaan hakemusten arviointitehtävissä hakemusten arviointiaikana.	hakujen_hallinta__haun_tiedot___rooli
	Nimi	Virkailijan etu- ja sukunimi, jotka järjestelmä tuo automaattisesti.	hakujen_hallinta__haun_tiedot___nimi
	Sähköposti	Virkailijan sähköpostiosoite. Varmista, että kyseessä on virkailijan oph.fi -päätteinen sähköposti. Mikäli Opintopolussa on tieto virkailijan aiemmasta henkilökohtaisesta tai työsähköpostista, saattaa järjestelmä joissakin tapauksissa ehdottaa sähköpostiksi muuta kuin oph.fi -päätteistä sähköpostia.	hakujen_hallinta__haun_tiedot___sähköposti
	Lisää uusi henkilö	Aloita henkilön lisääminen kirjoittamalla jokin osa hänen nimestään. Kun olet lisännyt henkilön listaan, valitse hänelle rooli. Mikäli henkilöä ei ole listalla, ei hänellä ole vielä tunnuksia VA-järjestelmään. Tunnuksia voi hakea järjestelmän pääkäyttäjiltä. Uusia virkailijoita voi lisätä vain henkilö, joka on jo kyseisen haun virkailijana tai järjestelmän pääkäyttäjä. Valtionavustukselle voi lisätä uusia virkailijoita milloin ja kuinka monta tahansa. 	hakujen_hallinta__haun_tiedot___lisää_uusi_henkilö
	Valintaperusteet	Lisää tähän kaikki valintaperusteet täsmälleen samassa muodossa kuin hakutiedotteessa. Valintaperusteilla kuvataan millä perusteilla avustusta saavat hankkeet arvioidaan ja valitaan. Valintaperusteet viedään näistä kentistä automaattisesti hakulomakkeen hakijan näkymään, hakemusten arviointi-välilehdille sekä haun rahoitushaku-sivulle www.oph.fi -palveluun.	hakujen_hallinta__haun_tiedot___valintaperusteet
	Painopistealueet	Haulle voidaan laatia painopistealueet joko a) ytimekkäänä luettelona tai b) kuvailevana tekstinä. Mikäli haussa käytetään luetteloituja painopistealueita (a), lisätään ne alla oleviin kenttiin täsmälleen samassa muodossa kuin hakutiedotteessa. Painopistealueet viedään näistä kentistä automaattisesti hakulomakkeelle hakijan näkymään sekä haun rahoitushaku-sivulle www.oph.fi -palveluun. Mikäli haun painopisteet julkaistaan hakutiedotteessa vain kuvailevana tekstinä (b), jätetään nämä kentät tyhjiksi.	hakujen_hallinta__haun_tiedot___painopistealueet
Hakujen hallinta -> Hakulomake-välilehti	Välilehden infopallo välilehtiriville	Tällä välilehdellä muokataan ja esikatsellaan hakulomaketta sekä poimitaan hakulomakkeen molempien kieliversioiden linkit hakutiedotteeseen. Välilehden tulee olla kokonaisuudessaan täytetty ja valmis ennen haun julkaisua.	hakujen_hallinta__hakulomake___valilehden_infopallo
	Ohje	Hakulomaketta voi muokata vain haun ollessa Luonnos-tilassa Haun tiedot -välilehdellä. Voit kopioida minkä tahansa haun hakulomakkeen sellaisenaan kopioimalla Hakulomakkeen sisältö -kentän koodin (Hakulomake-välilehden lopussa) haluamastasi hausta ja liittämällä sen valmistelemasi haun vastaavaan kenttään. Hakulomaketta voi editoida tietyin rajoituksin: <ul> <li>Tekemäsi muutokset tallentuvat hakulomakkeelle ainoastaan silloin kun painat Tallenna -painiketta</li> <li>Hakulomakkeen alkuun voi laatia infotekstiä Ohjeteksti-ominaisuutta käyttäen.</li> <li>Hakulomakkeen Hakijan tiedot -osion muokkaamista on syytä välttää. Sen muokkaamisesta keskusteltava aina ensin pääkäyttäjän kanssa.</li> <li>Hakulomakkeen Taustatiedot -osiota voi muokata joiltakin osin, mutta suositeltavaa on hyödyntää hyväksi havaittuja toteutuksia aiemmista hauista.</li> <li>Hakulomakkeen Hankesuunnitelma-osio sisältää varsinaiset sisältökysymykset ja niitä voi lisätä, poistaa tai muokata vapaasti.</li> <li>Hakulomakkeen Talousarvio-osion muokkaaminen ei onnistu lomake-editorin kautta. Vain pääkäyttäjä voi muokata talousosiota.</li> </ul> 	hakujen_hallinta__hakulomake___ohje
Hakujen hallinta -> Päätös-välilehti	Välilehden infopallo välilehtiriville	Tällä välilehdellä laaditaan ja lähetetään hakijoiden avustuspäätös-dokumentit. Päätöstä voi luonnostella jo haun suunnitteluvaiheessa, mutta kokonaisuudessaan välilehden tulee olla valmiina ja käännettynä ennen haun ratkaisua ja päätösten lähettämistä.	hakujen_hallinta__päätös___välilehden_infopallo_välilehtiriville
	Ohje	Jokaiselle valtionavustushakemukselle annetaan arviointien jälkeen avustuspäätös, joka on joko myönteinen tai kielteinen. Haun vastuuvalmistelija vastaa avustuspäätösten laadusta, hyväksyttämisestä ja lähettämisestä. <br/><br/> Päätösten laatimisessa tulee noudattaa erityistä huolellisuutta, sillä avustus tulee käyttää päätösdokumentin kirjausten mukaisesti. Päätöksen kirjaukset velvoittavat sekä avustuksen saajaa että OPH:n virkailijaa eikä avustuspäätöksen linjauksista voida poiketa ilman uutta päätöstä (Huom! Avustuksen käyttöajan pidentäminen tai budjetin muuttaminen voidaan tehdä hyvin dokumentoidulla sähköpostikäsittelyllä, jolloin muutokset hyväksyvä sähköposti on uusi päätös). <br/><br/> Avustuspäätösten laatiminen, hyväksyminen ja lähettäminen toteutetaan seuraavasti: <ol> <li>Laaditaan huolellisesti päätösdokumenttien tekstit VA-järjestelmässä ja täytetään kaikki muut Päätös-välilehden tiedot</li> <li>Viedään ASHA-järjestelmään päätöslista, myönteisen avustuspäätöksen malli, kielteisen avustuspäätöksen malli sekä ratkaisuyhteenveto</li> <li>Haetaan dokumenteille ASHA-järjestelmässä puolto SV-yksikön päälliköltä ja hyväksyntä valtionavustuksesta vastaavalta päälliköllä</li> <li>Painetaan ”Lähetä x päätöstä”-painiketta VA-järjestelmän Päätös-välilehdeltä, jolloin jokaiselle hakijalle toimitetaan avustuspäätös yhteyshenkilön ja hakijan viralliseen sähköpostiosoitteeseen</li> </ol>	hakujen_hallinta__päätös___ohje
	Taustaa	Kuvaa hakuaika, vastaanotettujen hakemuksien lukumäärä, vastaanotettujen hakemusten yhteenlaskettu haettu avustussumma, hyväksyttyjen hakemusten lukumäärä sekä myönnetyn avustuksen määrä kokonaisuudessaan.	hakujen_hallinta__päätös___taustaa
	Myönteisen päätöksen lisäteksti	Kuvaa avustuksen saajille hankkeen toteuttamista ohjaavia lisätietoja. Näitä voivat olla esimerkiksi avustuksella tavoiteltavat tulokset ja vaikutukset, vaatimus hankesuunnitelman mukaisesta avustuksen käytöstä, vaatimus VA-yleisohjeen noudattamisesta sekä avustuksen saajan muut tehtävät ja velvollisuudet. Mikäli haulle on valittu useita koulutusasteita Haun tiedot -välilehdellä, voidaan jokaiselle koulutusasteelle kirjoittaa oma myönteisen päätöksen lisäteksti.	hakujen_hallinta__päätös___myönteisen_päätöksen_lisäteksti
	Sovelletut säännökset	Viitataan niihin lakeihin ja säädöksiin, joita valtionavustuserän osalta noudatetaan, esim. Valtionavustuslaki 688/2001	hakujen_hallinta__päätös___sovelletut_säännökset
	Tekijänoikeudet	Käytetään valmista mallivastausta: </br> Valtionavustuksen saaja luovuttaa hankkeen päättyessä Opetushallitukselle vastikkeetta tämän valtionavustushankkeen yhteydessä syntyvään aineistoon tai muuhun tuotokseen (jäljempänä aineisto) rinnakkaisen käyttöoikeuden sekä oikeudet aineiston sisällön ja ulkoasun muutoksiin. </br> Opetushallituksella on myös oikeus levittää aineistoa kaikissa (tunnetuissa ja tuntemattomissa) levitysmuodoissa sekä valmistaa siitä kappaleita. Valtionavustuksen saaja vastaa siitä, että sillä on oikeus luovuttaa edellä mainitut oikeudet Opetushallitukselle. </br> Tekijänoikeuksista, jotka koskevat aineiston hyödyntämistä hankkeessa sekä muussa kuin hankkeeseen liittyvässä tieteellisessä, julkisessa tai kaupallisessa toiminnassa, tulee sopia valtionavustuksen saajan ja aineiston tuottajien kesken. 	hakujen_hallinta__päätös___tekijänoikeudet
	Avustuksen käyttötarkoitus	Kuvaa avustuksen käyttötarkoitus. Mihin tarkoituksiin avustusta voi käyttää ja mihin tarkoituksiin avustuksen käyttöä ei sallita. Käyttötarkoitusta ohjaavien päätöskirjausten tulee olla linjassa sekä hakutiedotteen kirjausten että hakulomakkeen budjetti-informaation kanssa.	hakujen_hallinta__päätös___avustuksen_käyttötarkoitus
	Avustuksen käyttöaika	Kuvataan milloin avustuksen käyttöaika alkaa ja päättyy. Useimmiten käyttöaika alkaa avustuspäätöstä seuraavasta päivästä, vaikka avustusta ei olisikaan vielä maksettu avustuksen saajan tilille. Avustuksen käyttöaika asetetaan päättyväksi siten kuin on hakutiedotteessa ilmoitettu.	hakujen_hallinta__päätös___avustuksen_käyttöaika
	Selvitysvelvollisuus	Tässä kentässä kuvataan vapaamuotoisesti selvitysvelvollisuuteen liittyviä ehtoja, kuten velvollisuus pitää yhteyshenkilön tiedot ajan tasalla, velvollisuus hakea lupa hankesuunnitelman muutoksille tai velvollisuus kuvata hankkeessa syntyneitä tuloksia Opetushallituksen osoittamalla tavalla. Muodollisten selvitysten määräajat valitaan alla olevissa "Väli-/loppuselvitys toimitettava viimeistään" -kentissä, eikä määräaikoja näin ollen kirjoiteta tähän tekstikenttään.	hakujen_hallinta__päätös___selvitysvelvollisuus
	Päätöksen hyväksyminen	Kuvataan avustuksen saajalle, miten hänen pitää toimia tilanteessa, jossa hän ei ota myönnettyä avustusta vastaan. Aseta avustuksesta kieltäytymiselle määräaika. Kieltäytyminen tulee tehdä sekä OPH:n kirjaamoon että avustuspäätöksessä osoitetulle OPH:n yhteyshenkilölle. 	hakujen_hallinta__päätös___päätöksen_hyväksyminen
	Johtaja	Päätöksen hyväksyy sen yksikön päällikkö, jonka vastuulle kyseinen valtionavustushaku kuuluu. Hyväksyjä kirjoitetaan muodossa titteli etunimi sukunimi.	hakujen_hallinta__päätös___johtaja
	Esittelijä	Esittelijänä toimii valtionavustushaun vastuuvalmistelija. Esittelijä kirjoitetaan muodossa titteli etunimi sukunimi.	hakujen_hallinta__päätös___esittelijä
	Avustuksen maksuaika	Kuvataan, että maksetaanko avustus yhdessä vai useammassa erässä ja milloin avustusten maksaminen toteutetaan. Maksupäivämäärää ei tarvitse tarkasti yksilöidä vaan se voidaan kirjata esimerkiksi muodossa ”yhdessä erässä viimeistään xx.x.xxxx”.	hakujen_hallinta__päätös___avustuksen_maksuaika
	Väliselvitys	Kirjataan päivämäärä (muodossa xx.x.xxxx), jolloin väliselvitys on viimeistään toimitettava OPH:n valtionavustusjärjestelmään. Yleensä väliselvitysten viimeinen toimituspäivämäärä noin hankekauden puolivälissä. Suositellaan käyttämään valitun kuukauden viimeistä päivää. Kirjattu päivämäärä siirtyy automaattisesti hakijalle lähtevän päätöksen selvitysvelvollisuus-kappaleen alkuun (kts. Päätös: Luonnos Arviointi-välilehdeltä), Väliselvitys-välilehdelle ja Väliselvitys-välilehdeltä lähetettävän väliselvityspyynnön sähköpostiviestiin.	hakujen_hallinta__päätös___väliselvitys
	Loppuselvitys	Kirjataan päivämäärä (muodossa xx.x.xxxx), jolloin loppuselvitys on viimeistään toimitettava OPH:n valtionavustusjärjestelmään. Loppuselvitysten viimeinen toimituspäivämäärä on kaksi kuukautta avustuksen käyttöajan päättymisestä. Kirjattu päivämäärä siirtyy automaattisesti hakijalle lähtevän päätöksen selvitysvelvollisuus-kappaleen alkuun (kts. Päätös: Luonnos Arviointi-välilehdeltä), Loppuselvitys-välilehdelle ja Loppuselvitys-välilehdeltä lähetettävän loppuselvityspyynnön sähköpostiviestiin.	hakujen_hallinta__päätös___loppuselvitys
	Päätöksen liitteet	Jokaisen päätöksen oheen liitetään oikaisuvaatimusosoitus sekä valtionavustusten yleisohje. 	hakujen_hallinta__päätös___päätöksen_liitteet
	Ehdot	Ehdot ja rajoitukset -dokumentteja ei liitetä avustuspäätökseen, joten nämä liitteet jätetään valitsematta.	hakujen_hallinta__päätös___ehdot
	Oikaisuvaatimusosoitus	Valitaan listalta oikaisuvaatimusosoitus oikean lain perusteella. Oikaisuvaatimusosoitusten kieliversioita voi tarkastella fi- ja sv-linkeistä. Oikaisuvaatimusosoitus tulee antaa jokaisen valtionavustuspäätöksen yhteydessä ja sen tehtävänä on tarjota päätöksen saajalle mahdollisuus hakea oikaisua.	hakujen_hallinta__päätös___oikaisuvaatimusosoitus
	Valtionavustusten yleisohje	Valitaan listalta se yleisohje, joka halutaan liittää avustuspäätöksen liitteeksi ja jonka mukaan avustuksen saajan halutaan avustusta käyttävän.	hakujen_hallinta__päätös___valtionavustusten_yleisohje
	Ratkaisupäivä	Ratkaisupäiväksi kirjataan se päivämäärä, jolle avustuspäätösten hyväksyminen halutaan kirjata. Päivämäärä siirtyy automaattisesti hakijan saamaan avustuspäätökseen. Päivämäärä kirjoitetaan muodossa xx.x.xxxx. 	hakujen_hallinta__päätös___ratkaisupäivä
	Luo päätökset uudelleen	Painikkeen avulla voidaan korjata päätökseen tulleet virheet ja luoda kaikille valtionavustushaun hakijoille uudet päätökset. Mikäli Päätös-välilehden teksteihin on tehty muutoksia aiempien päätösten luomisen jälkeen, laatii järjestelmä painiketta painamalla uudet päätökset uusilla teksteillä. Ominaisuutta tulee käyttää vain erikoistilanteissa pääkäyttäjän avulla.	hakujen_hallinta__päätös___luo_päätökset_uudelleen
	Lähetä päätökset uudelleen	Painikkeen avulla voidaan lähettää kaikille kyseisen avustuksen hakijoille avustuspäätökset uudelleen.	hakujen_hallinta__päätös___lähetä_päätökset_uudelleen
	Pakoteohjeet	Pakoteohjeet lisätään kaikkiin OPH:n avustuspäätöksiin	hakujen_hallinta__päätös___pakoteohjeet
Hakujen hallinta -> Väliselvitys-välilehti	Välilehden infopallo välilehtiriville	Tällä välilehdellä laaditaan ja lähetetään avustuksen saajien väliselvityspyynnöt. Väliselvityslomaketta voi luonnostella jo haun suunnitteluvaiheessa, mutta kokonaisuudessaan välilehden tulee olla valmiina ja käännettynä vasta juuri ennen väliselvityspyyntöjen lähettämistä.	hakujen_hallinta__väliselvitys___välilehden_infopallo_välilehtiriville
	Ohje	Väliselvitysten käyttämisestä voidaan päättää hakukohtaisesti. Mikäli väliselvityksiä käytetään, tulee väliselvityksen käytöstä ja aikataulusta ilmoittaa avustuksen saajalle jo avustuspäätöksessä. Väliselvityspyynnöt on hyvä toimittaa avustuksen saajille mahdollisimman pian hankekauden alkamisen jälkeen. Tällöin hankkeen yhteyshenkilö voi dokumentoida hankkeen etenemistä väliselvityslomakkeelle jo heti hankkeen käynnistymisestä lähtien, mutta lähettää täytetyn väliselvityslomakkeen VA-järjestelmään vasta määräaikaan mennessä. <br/><br/> Voit kopioida minkä tahansa haun väliselvityslomakkeen sellaisenaan kopioimalla Hakulomakkeen sisältö -kentän koodin (Väliselvitys-välilehden lopussa) haluamasi haun Väliselvitys-välilehdeltä ja liittämällä sen valmistelemasi haun vastaavaan kenttään. Väliselvityslomaketta muokataan samalla tavalla kuin haku- ja loppuselvityslomaketta. Voit lisätä, poistaa ja muokata lomakkeen kysymyksiä, ohjetekstiä ja väliotsikoita. Huomaa, että väliselvityslomakkeeseen tekemäsi muutokset tallentuvat ainoastaan silloin kun painat Tallenna -painiketta. <br/><br/> Väliselvityksille tehdään ainoastaan asiatarkastus hankkeelle osoitetun yhteyshenkilön toimesta. Asiatarkastus tulee tehdä mahdollisimman pian väliselvityksen vastaanottamisen jälkeen, jotta mahdollisiin epäkohtiin voidaan puuttua. Kun väliselvitys on asiatarkastettu, lähettää yhteyshenkilöksi osoitettu virkailija väliselvityksen hyväksyntäviestin erikseen jokaiselle hankkeelle hankekohtaiselta Väliselvitys-välilehdeltä.	hakujen_hallinta__väliselvitys___ohje
Hakujen hallinta -> Loppuselvitys-välilehti	Välilehden infopallo välilehtiriville	Tällä välilehdellä laaditaan ja lähetetään avustuksen saajien loppuselvityspyynnöt. Loppuselvityslomaketta voi luonnostella jo haun suunnitteluvaiheessa, mutta kokonaisuudessaan välilehden tulee olla valmiina ja käännettynä vasta juuri ennen loppuselvityspyyntöjen lähettämistä.	hakujen_hallinta__loppuselvitys___välilehden_infopallo_välilehtiriville
	Ohje	Loppuselvitysten käyttö on pakollista kaikille valtionavustuksille. Loppuselvitysten käytöstä ja aikataulusta tulee ilmoittaa avustuksen saajalle jo avustuspäätöksessä. Loppuselvityspyynnöt on hyvä toimittaa avustuksen saajille mahdollisimman pian väliselvityspyyntöjen keräämisen jälkeen tai viimeistään kuusi kuukautta ennen hankekauden päättymistä. Tällöin hankkeen yhteyshenkilö voi dokumentoida hankkeen etenemistä loppuselvityslomakkeelle jo heti väliselvityslomakkeen lähettämisestä lähtien, mutta lähettää täytetyn loppuselvityslomakkeen VA-järjestelmään vasta määräaikaan mennessä. Mikäli kyseisen valtionavustuksen kohdalla ei käytetä lainkaan väliselvityksiä, voidaan loppuselvityspyynnöt em. perustein lähettää avustuksen saajille jo hankekauden alussa. Näin vältetään esimerkiksi henkilövaihdoksista johtuva puutteellinen selvitysdokumentaatio. <br/><br/> Voit kopioida minkä tahansa haun loppuselvityslomakkeen sellaisenaan kopioimalla Hakulomakkeen sisältö -kentän koodin (Loppuselvitys-välilehden lopussa) haluamastasi haun Loppuselvitys-välilehdeltä ja liittämällä sen valmistelemasi haun vastaavaan kenttään. Loppuselvityslomaketta muokataan samalla tavalla kuin haku- ja väliselvityslomaketta. Voit lisätä, poistaa ja muokata lomakkeen kysymyksiä, ohjetekstiä ja väliotsikoita. Huomaa, että loppuselvityslomakkeeseen tekemäsi muutokset tallentuvat ainoastaan silloin kun painat Tallenna -painiketta. Seuraavat asiat on hyvä huomioida loppuselvityslomaketta muokattaessa: <ul> <li>Tuotokset -osiota ei suositella muokattavan</li> <li>Selvitys taloudesta -osio on lukittu ja sitä voidaan muokata vain pääkäyttäjän toimesta</li> </ul> Loppuselvityksille tehdään asia- ja taloustarkastus. Asiatarkastuksen tekee hankkeelle osoitettu yhteyshenkilö ja taloustarkastuksen OPH:n taloustarkastaja. Tarkastukset tulee tehdä mahdollisimman pian loppuselvityksen vastaanottamisen jälkeen, jotta mahdollisiin epäkohtiin voidaan puuttua välittömästi. Kun loppuselvitys on asiatarkastettu, lähettää yhteyshenkilöksi osoitettu virkailija tiedon asiatarkastuksen valmistumisesta taloustarkastajalle. Taloustarkastuksen jälkeen taloustarkastaja lähettää loppuselvityksen hyväksyntäviestin erikseen jokaiselle hankkeelle hankekohtaiselta Loppuselvitys-välilehdeltä. 	hakujen_hallinta__loppuselvitys___ohje
Hakujen hallinta -> Maksatus	Välilehden infopallo välilehtiriville	Tällä välilehdellä maksetaan avustukset niille hakijoille, jotka ovat saaneet myönteisen avustuspäätöksen. Maksatus-välilehden tiedot täytetään sen jälkeen kun hyväksytyt päätökset on lähetetty ja halutaan suorittaa varsinaiset tilisiirrot	hakujen_hallinta__maksatus___välilehden_infopallo_välilehtiriville
	Ohje		hakujen_hallinta__maksatus___ohje
	ASHA-tunniste	ASHA-tunniste on kyseisen valtionavustuksen ASHA-asianhallintajärjestelmään ladatun päätöslistan yksilöivä ID-alkuinen tunniste (asiakirjan tunnus)	hakujen_hallinta__maksatus___asha-tunniste
	Esittelijän sähköpostiosoite		hakujen_hallinta__maksatus___esittelijän_sähköpostiosoite
	Hyväksyjän sähköpostiosoite		hakujen_hallinta__maksatus___hyväksyjän_sähköpostiosoite
	Lisää asiakirja		hakujen_hallinta__maksatus___lisää_asiakirja
	Pitkäviite		hakujen_hallinta__maksatus___pitkäviite
	Tila		hakujen_hallinta__maksatus___tila
	Toimittajan nimi		hakujen_hallinta__maksatus___toimittajan_nimi
	Hanke		hakujen_hallinta__maksatus___hanke
	Maksuun		hakujen_hallinta__maksatus___maksuun
	Pankkitilin IBAM		hakujen_hallinta__maksatus___pankkitilin_ibam
	LKP-tili		hakujen_hallinta__maksatus___lkp-tili
	TaKp-tili		hakujen_hallinta__maksatus___takp-tili
	Tiliöinti		hakujen_hallinta__maksatus___tiliöinti
	Lähetä maksatukset		hakujen_hallinta__maksatus___lähetä_maksatukset
	Laskun päivämäärä	Laskun päivämäärä on se päivämäärä, jolloin valmistelija hyväksyy maksatuksen VA-järjestelmässä. Laskun päivämäärä voi olla saman kuin tositepäivämäärä.	hakujen_hallinta__maksatus___laskun_päivämäärä
	Eräpäivä	Eräpäivä on se päivä, jolloin maksusuoritus lähtee Opetushallituksen pankkitililtä. Eräpäivän on hyvä olla vähintään +2 päivää laskun päivämäärästä. Eräpäiväkentän oletuspäivämäärä on +2 päivää laskun päivämäärästä ja tositepäivämäärästä huomioiden myös viikonloput. Eräpäivän oletuspäivämäärä ei huomioi arkipyhiä. Virkailijan tulee varmistaa, että eräpäiväksi ei ole asetettu arkipyhää.	hakujen_hallinta__maksatus___eräpäivä
	Tositepäivämäärä	Tositepäivämäärä määrittää sen, mille kirjanpidon kuukaudelle kyseinen lasku kirjautuu. Vuoden aikana tositepäivämäärä voi olla sama kuin laskun päivämäärä. Tilinpäätöstilanteessa tositepäivämäärä on määriteltävä sille vuodelle ja kaudelle, jolle lasku kuuluu.	hakujen_hallinta__maksatus___tositepäivämäärä
Hankkeen sivu -> Arviointi-välilehti	Valmistelijan huomiot	Hankkeen yhteyshenkilöksi osoitettu virkailija päivittää kenttään kaikki hanketta koskevat muutokset, kuten avustuksen käyttöajan pidennykset, budjettimuutokset ja muut hanketoiminnan päivitykset. Muutosten hakeminen ja hyväksyminen toteutetaan voimassa olevien toimintatapojen mukaisesti. Kirjaa kaikki huomiot aina muodossa päivämäärä, virkailijan etu- ja sukunimi sekä asia. Viimeisin huomio kirjataan aina kentän ylimmäksi. Tehty kirjaus tallentuu automaattisesti. Lisää valmistelijan huomioon liittyvät liitteet, kuten avustuksen käyttöajan pidennyksestä käyty sähköpostikeskustelu liitteeksi Seuranta-välilehden loppuun kohtaan Liitteet.	hankkeen_sivu__arviointi___valmistelijan_huomiot
	Koulutusaste	Valitse hankkeelle koulutusaste, johon hanke kohdistuu. Valittavissa olevat koulutusasteet on tuotu automaattisesti Haun tiedot -välilehdeltä. Valtionavustuksen vastuuvalmistelija vastaa siitä, että kaikille myönteisen avustuspäätöksen saaville hankkeille on ennen päätösten hyväksymistä valittu oikea koulutusaste.	hankkeen_sivu__arviointi___koulutusaste
	Talousarviotili (momentti)	Valitse hankkeelle talousarviotili, jolta avustus maksetaan. Valittavissa olevat talousarviotilit on tuotu automaattisesti Haun tiedot -välilehdeltä. Valtionavustuksen vastuuvalmistelija vastaa siitä, että kaikille myönteisen avustuspäätöksen saaville hankkeille on ennen päätösten hyväksymistä valittu oikea talousarviotili.	hankkeen_sivu__arviointi___talousarviotili
	Valintaperusteet	Valintaperusteet on tuotu automaattisesti Haun tiedot -välilehdeltä. Valtionavustuksen vastuuvalmistelijan johdolla päätetään, miten tähtiarviointeja hyödynnetään hakemusten arvioinnissa. Muiden virkailijoiden tähtiarvioinnit näkyvät vasta omien arviointien tallentamisen jälkeen. Arvioinnit näkyvät vain OPH:n virkailijoille.	hankkeen_sivu__arviointi___valintaperusteet
	Kommentit	Hankehakemusta arvioiva virkailija kirjoittaa avustuksen arviointiin liittyvät kommentit tähän kenttään ja tallentaa kommentin järjestelmään painamalla Lisää-painiketta. Kommentit näkyvät vain OPH:n virkailijoille.	hankkeen_sivu__arviointi___kommentit
	Hakemuksen tila	Hankkeen yhteyshenkilöksi osoitettu virkailija päivittää hankkeen tilaa arviointien edetessä kyseisen valtionavustuksen vastuuvalmistelijan johdolla sovittujen toimintatapojen mukaisesti. Kaikkien hakemusten tulee olla tilassa Hyväksytty tai Hylätty ennen avustuspäätösten hyväksymistä.	hankkeen_sivu__arviointi___hakemuksen_tila
	Perustelut hakijalle suomeksi	Kenttään kirjataan avustuspäätöksen hakemuskohtaiset huomiot. Tähän kenttään kirjoitetut perustelut siirtyvät sellaisenaan hakemuskohtaiseen avustuspäätökseen, jonka luonnosta voit tarkastella tämän sivunäkymän alaosan Päätös: Luonnos -linkistä. Hylätyn hakemuksen osalta suositellaan käyttämään järjestelmän tarjoamia vakioperusteluja.	hankkeen_sivu__arviointi___perustelut_hakijalle_suomeksi
	Pyydä täydennystä	Tämän ominaisuuden avulla voidaan pyytää avustuksen hakijalta täydennystä puutteelliseen tai virheelliseen hakemukseen. Painikkeen painamisen jälkeen virkailijalle aukeaa tekstikenttä, johon voidaan kirjata, millaisia täydennyksiä hakijalta odotetaan ja mihin mennessä täydennykset tulee kirjata järjestelmään. Täydennyspyyntö toimitetaan yhteyshenkilölle sekä haun viralliseen sähköpostiosoitteeseen. Pyyntö avaa hakemuksen hakijan muokattavaksi. Tieto täydennyspyynnöstä ja sen saatetekstistä tallentuu hakemuksen lokitietoihin ja näkyy myös Hakemusten arviointi -näkymän hakemuslistassa.	hankkeen_sivu__arviointi___pyydä_täydennystä
	Huomautus päätöslistaan	Päätöslistan avulla esitellään hyväksyjänä olevalle päällikölle hakemusten ja arviointien kokonaisuus. Mikäli avustuspäätöksiä hyväksyttäessä halutaan käydä tarkentavaa keskustelua joistakin hakemuksista, voidaan huomautukset kirjata tähän kenttään, jolloin ne siirtyvät automaattisesti päätöslistaan. Päätöslistan avaat painamalla Hakemusten arviointi -näkymän alaosan linkkiä, jossa on avustusten lukumäärä (esim. 60/60 hakemusta). Huomautukset näkyvät vain OPH:n virkailijoille.	hankkeen_sivu__arviointi___huomautus_päätöslistaan
	Talousarvio	Hankkeen yhteyshenkilöksi osoitettu virkailija voi muokata Hyväksytty-sarakkeen kenttiin hakijan hankebudjettia menoluokittain. Tässä osiossa kirjattu budjetti siirtyy automaattisesti hankekohtaiseen avustuspäätökseen ja muodostaa hankkeelle hyväksytyn budjetin.	hankkeen_sivu__arviointi___talousarvio
	Muokkaa hakemusta	Hankkeen yhteyshenkilöksi osoitettu virkailija voi muokata hakemusta hakijan pyynnöstä esimerkiksi virheellisten yhteystietojen osalta. Painikkeen painamisen jälkeen virkailijan tulee kirjoittaa hakemuksen muokkaamisen syy, joka tallentuu hakemuksen lokitietoihin. Hakemuksen sisällöllisissä muokkauksissa suositellaan käyttämään aina Täydennyspyyntö-ominaisuutta.	hankkeen_sivu__arviointi___muokkaa_hakemusta
	Peruuta hakemus	Hankkeen yhteyshenkilöksi osoitettu virkailija voi peruuttaa hakemuksen tilanteessa, jossa hakija haluaa vetää hakemuksensa kokonaan pois arvioinneista saamatta hakemukselleen lainkaan päätöstä. Hakemuksen peruuttamisen myötä hakemus siirtyy arkistoon ja poistuu Hakujen arviointi -hakemuslistasta. Hakemuksen peruuttaminen tulee dokumentoida seikkaperäisesti Valmistelijan huomiot -kenttään. Hakijan pyyntö hakemuksen peruuttamiseksi tulee todentaa esimerkiksi liittämällä asiasta käyty sähköpostikeskustelu Seuranta-välilehden Liitteet-osioon.	hankkeen_sivu__arviointi___peruuta_hakemus
	Lähetä päätössähköposti uudelleen (ent. Lähteä sähköpostihistoria)	Hankkeelle voidaan lähettää päätössähköposti uudestaan koska tahansa hakukohtaisten avustuspäätösten laatimisen jälkeen. Painiketta painamalla hakijalle lähetetään avustuspäätös sekä yhteyshenkilön että hakijan viralliseen sähköpostiosoitteeseen. Päätössähköpostissa olevan linkin kautta avustuksen saaja voi päivittää hankkeen yhteyshenkilöä itse, joten tätä ominaisuutta voi hyödyntää esimerkiksi henkilövaihdosten kirjaamisessa järjestelmään.	hankkeen_sivu__arviointi___lähetä_päätössähköposti_uudelleen
Hankkeen sivu -> Väliselvitys-välilehti	Valmistelijan huomiot	Hankkeen yhteyshenkilöksi osoitettu virkailija päivittää kenttään kaikki hanketta koskevat muutokset, kuten avustuksen käyttöajan pidennykset, budjettimuutokset ja muut hanketoiminnan päivitykset. Muutosten hakeminen ja hyväksyminen toteutetaan voimassa olevien toimintatapojen mukaisesti. Kirjaa kaikki huomiot aina muodossa päivämäärä, virkailijan etu- ja sukunimi sekä asia. Viimeisin huomio kirjataan aina kentän ylimmäksi. Tehty kirjaus tallentuu automaattisesti. Lisää valmistelijan huomioon liittyvät liitteet, kuten avustuksen käyttöajan pidennyksestä käyty sähköpostikeskustelu liitteeksi Seuranta-välilehden loppuun kohtaan Liitteet.	hankkeen_sivu__väliselvitys___valmistelijan_huomiot
	Linkki lomakkeelle	Linkin kautta voidaan tarkastella keskeneräistä väliselvitystä. Mikäli yksittäinen avustuksen saaja on hävittänyt hankekohtaisen väliselvityslomakkeen linkin, voidaan hänelle kopioida linkki väliselvityslomakkeelle tästä. Linkin kopioimisessa ja sähköpostitse lähettämisessä tulee noudattaa erityistä huolellisuutta, jotta oikeat yhteyshenkilöt saavat oikean hankkeen väliselvityslinkin.	hankkeen_sivu__väliselvitys___linkki_lomakkeelle
Hankkeen sivu -> Loppuselvitys-välilehti	Valmistelijan huomiot	Hankkeen yhteyshenkilöksi osoitettu virkailija päivittää kenttään kaikki hanketta koskevat muutokset, kuten avustuksen käyttöajan pidennykset, budjettimuutokset ja muut hanketoiminnan päivitykset. Muutosten hakeminen ja hyväksyminen toteutetaan voimassa olevien toimintatapojen mukaisesti. Kirjaa kaikki huomiot aina muodossa päivämäärä, virkailijan etu- ja sukunimi sekä asia. Viimeisin huomio kirjataan aina kentän ylimmäksi. Tehty kirjaus tallentuu automaattisesti. Lisää valmistelijan huomioon liittyvät liitteet, kuten avustuksen käyttöajan pidennyksestä käyty sähköpostikeskustelu liitteeksi Seuranta-välilehden loppuun kohtaan Liitteet.	hankkeen_sivu__loppuselvitys___valmistelijan_huomiot
	Linkki lomakkeelle	Linkin kautta voidaan tarkastella keskeneräistä loppuselvitystä. Mikäli yksittäinen avustuksen saaja on hävittänyt hankekohtaisen loppuselvityslomakkeen linkin, voidaan hänelle kopioida linkki loppuselvityslomakkeelle tästä. Linkin kopioimisessa ja sähköpostitse lähettämisessä tulee noudattaa erityistä huolellisuutta, jotta oikeat yhteyshenkilöt saavat oikean hankkeen loppuselvityslinkin.	hankkeen_sivu__loppuselvitys___linkki_lomakkeelle
Hankkeen sivu -> Seuranta-välilehti	Salli näkyvyys ulkoisessa järjestelmässä	Tämä ominaisuus mahdollistaa valittujen hanketietojen viemisen oph.fi-verkkopalveluun automaattisesti VA-järjestelmän ja Drupalin rajapinnan kautta. Ominaisuus on vielä työn alla ja sen käyttöä tulee toistaiseksi välttää.	hankkeen_sivu__seuranta___salli_näkyvyys_ulkoisessa_järjestelmässä
	Maksuun	Mikäli myönteisen avustuspäätöksen saajalle ei esimerkiksi toimittamattomien väli- ja loppuselvitysten vuoksi voida maksaa avustusta alkuperäisen aikataulun mukaisesti, valitaan ei. Tällöin hakija poistuu maksatuslistalta ja hakijan avustus tulee maksettavaksi myöhemmin määriteltävänä ajankohtana. Sisäiset perustelut maksamatta jättämiselle kirjataan alla olevaan avoimeen kenttään.	hankkeen_sivu__seuranta___maksuun
	Valmistelijan huomiot	Hankkeen yhteyshenkilöksi osoitettu virkailija päivittää kenttään kaikki hanketta koskevat muutokset, kuten avustuksen käyttöajan pidennykset, budjettimuutokset ja muut hanketoiminnan päivitykset. Muutosten hakeminen ja hyväksyminen toteutetaan voimassa olevien toimintatapojen mukaisesti. Kirjaa kaikki huomiot aina muodossa päivämäärä, virkailijan etu- ja sukunimi sekä asia. Viimeisin huomio kirjataan aina kentän ylimmäksi. Tehty kirjaus tallentuu automaattisesti. Lisää valmistelijan huomioon liittyvät liitteet, kuten avustuksen käyttöajan pidennyksestä käyty sähköpostikeskustelu liitteeksi Seuranta-välilehden loppuun kohtaan Liitteet.	hankkeen_sivu__seuranta___valmistelijan_huomiot
	Liitteet	Voit lisätä hankkeelle sen seurantaan liittyviä liitteitä, kuten muutoksenhakuun liittyviä sähköpostikeskusteluja, muutoshakemuksia, muutospäätöksiä tai julkaisuja.	hankkeen_sivu__seuranta___liitteet
